员工编号,姓名,部门,职位,入职日期,工资
001,张三,技术部,软件工程师,2020-03-15,8000
002,李四,人事部,人事专员,2019-07-22,6000
003,王五,销售部,销售经理,2018-11-05,12000
004,赵六,财务部,会计,2021-04-10,7500
005,孙七,技术部,前端开发,2022-01-18,8500
006,周八,市场部,市场策划,2020-09-30,7000
007,吴九,行政部,行政助理,2021-06-08,5500
008,郑十,技术部,测试工程师,2019-12-03,7200
009,刘十一,销售部,销售代表,2023-02-14,6800
010,陈十二,人事部,招聘专员,2022-08-25,6200
011,黄十三,技术部,高级工程师,2017-05-12,15000
012,徐十四,财务部,财务主管,2020-11-01,9000
013,何十五,市场部,品牌经理,2019-03-28,10000
014,高十六,行政部,后勤主管,2021-07-15,6500
015,林十七,销售部,区域经理,2018-08-20,13000
016,朱十八,技术部,系统架构师,2016-10-05,20000
017,郭十九,人事部,人力资源经理,2020-02-10,11000
018,马二十,财务部,出纳,2023-01-05,5800
019,宋二十一,市场部,推广专员,2022-11-12,6300
020,胡二十二,技术部,运维工程师,2021-09-08,7800
021,冯二十三,销售部,客户经理,2020-06-18,9500
022,程二十四,行政部,前台接待,2023-03-01,5200
023,任二十五,技术部,数据分析师,2022-05-20,8800
024,沈二十六,人事部,培训专员,2021-10-15,6100
025,唐二十七,财务部,税务专员,2020-12-22,7300
026,彭二十八,市场部,新媒体运营,2023-04-10,6600
027,吕二十九,销售部,大客户经理,2019-04-05,14000
028,苏三十,技术部,UI设计师,2022-03-12,8200
029,卢三十一,人事部,薪酬专员,2021-08-28,6400
030,蒋三十二,财务部,审计员,2020-07-15,7600
031,蔡三十三,市场部,活动策划,2023-01-25,6700
032,韩三十四,技术部,后端开发,2022-10-03,8400
033,魏三十五,销售部,销售助理,2023-02-20,5900
034,曾三十六,行政部,保安队长,2020-05-10,6000
035,谢三十七,技术部,实习生,2023-03-05,4000
036,许三十八,人事部,档案管理员,2021-02-18,5600
037,尹三十九,财务部,成本会计,2022-07-20,7100
038,杜四十,市场部,内容编辑,2023-04-05,6200
039,侯四十一,销售部,渠道经理,2019-11-08,11500
040,姜四十二,技术部,产品经理,2020-09-01,13500
041,董四十三,人事部,HRBP,2021-05-12,9800
042,萧四十四,财务部,资金专员,2022-12-15,7400
043,程四十五,市场部,媒介专员,2023-03-18,6500
044,袁四十六,销售部,业务拓展,2020-04-22,8900
045,邓四十七,技术部,算法工程师,2021-06-05,12500
046,曹四十八,人事部,绩效专员,2022-11-01,6700
047,许四十九,财务部,预算专员,2023-02-10,7700
048,谭五十,市场部,用户调研,2022-09-25,6300
049,江五十一,销售部,销售主管,2019-08-15,10500
050,巫五十二,技术部,数据库管理员,2020-10-10,11000
051,叶五十三,人事部,员工关系专员,2023-01-08,6600
052,白五十四,财务部,报表专员,2021-03-20,7000
053,崔五十五,市场部,广告投放,2022-07-05,6800
054,康五十六,销售部,海外销售,2020-06-01,14500
055,毛五十七,技术部,安全工程师,2021-08-12,9200
056,孟五十八,人事部,人才发展专员,2023-03-25,6900
057,龙五十九,财务部,税务经理,2019-12-03,12000
058,段六十,市场部,品牌顾问,2022-05-18,10800
059,雷六十一,销售部,客户成功经理,2021-11-05,11200
060,汤六十二,技术部,DevOps工程师,2022-02-20,9500
061,伍六十三,人事部,组织发展专员,2020-07-08,7800
062,史六十四,财务部,总账会计,2021-09-10,8500
063,鲁六十五,市场部,市场总监,2018-03-15,18000
064,倪六十六,销售部,销售副总裁,2017-05-01,25000
065,戴六十七,技术部,CTO,2016-01-10,30000
066,钟六十八,人事部,HRD,2019-02-20,16000
067,廖六十九,财务部,CFO,2018-08-05,22000
068,方七十,市场部,CMO,2020-11-18,19000
069,石七十一,销售部,COO,2017-09-01,28000
070,秦七十二,技术部,首席架构师,2015-12-03,35000
071,邱七十三,人事部,总裁办秘书,2022-04-15,7200
072,江七十四,财务部,财务总监,2019-06-10,20000
073,顾七十五,市场部,战略规划,2021-12-01,13000
074,孟七十六,销售部,大区总监,2018-04-22,17000
075,潘七十七,技术部,AI研究员,2023-01-05,14000
076,杨七十八,人事部,法务专员,2020-03-18,7500
077,邹七十九,财务部,风险管理,2022-08-10,8800
078,熊八十,市场部,数字营销,2023-02-08,7300
079,金八十一,销售部,渠道总监,2019-10-05,15000
080,陆八十二,技术部,云平台工程师,2021-07-20,9000
081,郝八十三,人事部,企业文化专员,2023-03-10,6400
082,白八十四,财务部,内部控制,2022-11-15,7700
083,孔八十五,市场部,消费者洞察,2022-06-08,6900
084,董八十六,销售部,新业务开拓,2020-05-12,10000
085,江八十七,技术部,智能硬件研发,2021-09-01,11500
086,范八十八,人事部,员工培训讲师,2023-01-20,6600
087,邹八十九,财务部,税务筹划,2020-08-18,8200
088,简九十,市场部,社交媒体运营,2022-10-05,6700
089,于九十一,销售部,客户服务经理,2019-07-15,9800
090,施九十二,技术部,大数据开发,2022-04-10,10500
091,姜九十三,人事部,劳动关系专员,2021-03-25,6300
092,钱九十四,财务部,财务分析,2023-02-18,7900
093,孙九十五,市场部,品牌传播,2020-11-03,7400
094,严九十六,销售部,商务拓展,2021-08-12,9600
095,俞九十七,技术部,自动化测试,2022-07-20,7800
096,章九十八,人事部,晋升评审专员,2023-04-01,6800
097,潘九十九,财务部,外汇管理,2021-05-15,8100
098,葛一百,市场部,市场研究,2022-09-10,7000
099,韦一百零一,销售部,客户支持,2020-06-25,7200
100,常一百零二,技术部,移动开发,2023-01-18,8300
101,万一百零三,人事部,离职面谈专员,2022-12-05,6500
102,季一百零四,财务部,资金调度,2021-10-20,7600
103,武一百零五,市场部,创意设计,2023-03-12,6700
104,庞一百零六,销售部,销售协调员,2020-08-15,6000
105,焦一百零七,技术部,网络安全,2021-06-10,9400
106,柳一百零八,人事部,绩效考核专员,2022-11-03,6900
107,颜一百零九,财务部,财务报告,2020-04-20,7500
108,江一百一十,市场部,用户增长,2023-02-05,7100
109,江一百一十一,销售部,销售数据分析,2021-09-08,8700
110,凌一百一十二,技术部,人工智能训练,2022-05-12,12000
111,耿一百一十三,人事部,人才测评,2023-01-10,6600
112,夏一百一十四,财务部,审计经理,2020-12-05,11000
113,易一百一十五,市场部,品牌策略,2021-07-25,10500
114,齐一百一十六,销售部,大客户维护,2019-11-15,13500
115,项一百一十七,技术部,区块链开发,2022-08-18,14000
116,顾一百一十八,人事部,组织诊断,2022-03-10,7300
117,霍一百一十九,财务部,税务合规,2021-10-01,8500
118,贾一百二十,市场部,危机管理,2023-04-08,8200
119,唐一百二十一,销售部,合同管理,2020-07-22,7800
120,虞一百二十二,技术部,边缘计算,2023-02-15,11500
121,姚一百二十三,人事部,职业发展顾问,2021-05-18,7700
122,洪一百二十四,财务部,成本控制,2022-09-05,8000
123,龚一百二十五,市场部,产品推广,2020-10-12,7400
124,文一百二十六,销售部,销售计划,2021-08-03,8800
125,段一百二十七,技术部,物联网开发,2022-11-20,10200
126,欧阳一百二十八,人事部,人才盘点,2023-03-01,7500
127,萧一百二十九,财务部,财务预测,2021-06-15,8600
128,司马一百三十,市场部,市场监测,2022-07-10,7200
129,上官一百三十一,销售部,客户满意度,2020-09-25,7900
130,东方一百三十二,技术部,量子计算研究,2023-01-08,15000
131,南宫一百三十三,人事部,激励机制设计,2022-04-20,8300
132,西门一百三十四,财务部,资本运作,2021-12-03,13000
133,北堂一百三十五,市场部,品牌价值评估,2023-02-18,10800
134,东郭一百三十六,销售部,销售团队建设,2020-11-08,12500
135,南宫一百三十七,技术部,人机交互,2022-05-25,11800
136,西门一百三十八,人事部,员工敬业度,2023-03-15,7600
137,北堂一百三十九,财务部,投资分析,2021-08-12,9200
138,东郭一百四十,市场部,消费者行为研究,2022-10-01,8500
139,南宫一百四十一,销售部,销售渠道优化,2020-07-10,10000
140,西门一百四十二,技术部,增强现实开发,2023-01-22,12800
141,北堂一百四十三,人事部,组织效能评估,2022-06-05,8100
142,东郭一百四十四,财务部,财务决策支持,2021-09-18,9500
143,南宫一百四十五,市场部,品牌资产构建,2023-02-03,11200
144,西门一百四十六,销售部,客户生命周期管理,2020-08-15,13800
145,北堂一百四十七,技术部,机器学习工程,2022-07-28,14500
146,东郭一百四十八,人事部,组织文化塑造,2023-01-12,7800
147,南宫一百四十九,财务部,企业并购咨询,2021-10-22,16000
148,西门一百五十,市场部,全球化品牌战略,2022-11-10,15500
149,北堂一百五十一,销售部,跨境销售管理,2020-09-20,14800
150,东郭一百五十二,技术部,自动驾驶研发,2023-02-10,18000
151,南宫一百五十三,人事部,高管教练,2022-05-15,12000
152,西门一百五十四,财务部,风险投资分析,2021-12-08,14000
153,北堂一百五十五,市场部,数字转型咨询,2023-03-05,13500
154,东郭一百五十六,销售部,战略客户管理,2020-10-18,15200
155,南宫一百五十七,技术部,生物信息学,2022-08-25,16500
156,西门一百五十八,人事部,领导力发展,2023-01-20,11500
157,北堂一百五十九,财务部,税务优化方案,2021-11-03,13800
158,东郭一百六十,市场部,品牌数字化,2022-12-15,14200
159,南宫一百六十一,销售部,高端客户定制服务,2020-11-25,17000
160,西门一百六十二,技术部,脑机接口研究,2023-02-08,20000
161,北堂一百六十三,人事部,变革管理专家,2022-06-10,12500
162,东郭一百六十四,财务部,财务建模专家,2021-09-05,15000
163,南宫一百六十五,市场部,用户体验设计,2023-03-12,13200
164,西门一百六十六,销售部,行业解决方案,2020-08-01,14500
165,北堂一百六十七,技术部,量子通信,2022-07-15,19000
166,东郭一百六十八,人事部,组织心理学,2023-01-18,11800
167,南宫一百六十九,财务部,国际财税顾问,2021-10-10,16800
168,西门一百七十,市场部,数据驱动营销,2022-11-05,14800
169,北堂一百七十一,销售部,战略合作谈判,2020-09-15,16200
170,东郭一百七十二,技术部,太空探索技术,2023-02-12,22000
171,南宫一百七十三,人事部,组织韧性建设,2022-05-20,13000
172,西门一百七十四,财务部,宏观经济分析,2021-11-18,17500
173,北堂一百七十五,市场部,未来趋势预测,2023-03-08,15800
174,东郭一百七十六,销售部,全球业务拓展,2020-10-22,18500
175,南宫一百七十七,技术部,基因编辑技术,2022-08-10,21000
176,西门一百七十八,人事部,人才供应链管理,2023-01-25,14000
177,北堂一百七十九,财务部,金融衍生品分析,2021-12-01,19000
178,东郭一百八十,市场部,元宇宙营销,2022-12-18,16500
179,南宫一百八十一,销售部,高端客户关系管理,2020-11-10,17800
180,西门一百八十二,技术部,深海探测技术,2023-02-05,23000
181,北堂一百八十三,人事部,组织健康评估,2022-06-25,14500
182,东郭一百八十四,财务部,碳金融咨询,2021-10-20,18800
183,南宫一百八十五,市场部,可持续品牌战略,2023-03-15,17200
184,西门一百八十六,销售部,新兴市场开拓,2020-09-05,16800
185,北堂一百八十七,技术部,核聚变能源研究,2022-07-22,25000
186,东郭一百八十八,人事部,组织创新设计,2023-01-10,15500
187,南宫一百八十九,财务部,ESG财务报告,2021-11-08,17000
188,西门一百九十,市场部,气候适应性营销,2022-11-12,16000
189,北堂一百九十一,销售部,科技成果转化,2020-10-18,18200
190,东郭一百九十二,技术部,人工智能伦理,2023-02-15,19500
191,南宫一百九十三,人事部,组织学习体系,2022-05-18,14800
192,西门一百九十四,财务部,绿色金融评估,2021-12-15,18500
193,北堂一百九十五,市场部,社会影响力营销,2023-03-02,17800
194,东郭一百九十六,销售部,政策导向销售,2020-11-03,17500
195,南宫一百九十七,技术部,量子计算机编程,2022-08-20,22000
196,西门一百九十八,人事部,组织变革管理,2023-01-15,15200
197,北堂一百九十九,财务部,数字经济财务模型,2021-10-12,19200
198,东郭二百,市场部,未来消费场景设计,2022-12-05,18800
199,南宫二百零一,销售部,前沿技术商业转化,2020-09-20,19500
200,西门二百零二,技术部,生物机器人研发,2023-02-10,24000
201,北堂二百零三,人事部,组织生态系统建设,2022-06-08,16000
202,东郭二百零四,财务部,Web3.0财务架构,2021-11-22,20000
203,南宫二百零五,市场部,去中心化品牌,2023-03-10,19200
204,西门二百零六,销售部,区块链商业模式,2020-10-15,18500
205,北堂二百零七,技术部,神经形态计算,2022-07-30,26000
206,东郭二百零八,人事部,组织进化理论,2023-01-22,16800
207,南宫二百零九,财务部,加密货币税务处理,2021-12-10,21000
208,西门二百一十,市场部,DAO组织营销,2022-11-18,20500
209,北堂二百一十一,销售部,数字资产交易,2020-11-12,19800
210,东郭二百一十二,技术部,时空折叠模拟,2023-02-08,28000
211,南宫二百一十三,人事部,组织熵减管理,2022-05-25,17500
212,西门二百一十四,财务部,星际经济模型,2021-11-05,25000
213,北堂二百一十五,市场部,外星文明品牌,2023-03-05,22000
214,东郭二百一十六,销售部,宇宙级客户合作,2020-10-25,24500
215,南宫二百一十七,技术部,反物质引擎研究,2022-08-15,30000
216,西门二百一十八,人事部,跨维度组织设计,2023-01-18,19000
217,北堂二百一十九,财务部,平行宇宙财务核算,2021-12-01,28500
218,东郭二百二十,市场部,多元宇宙品牌战略,2022-12-03,26000
219,南宫二百二十一,销售部,星际贸易谈判,2020-11-08,27500
220,西门二百二十二,技术部,时间旅行算法,2023-02-12,35000
221,北堂二百二十三,人事部,组织意识觉醒,2022-06-10,20000
222,东郭二百二十四,财务部,黑洞经济模型,2021-11-15,32000
223,南宫二百二十五,市场部,宇宙级用户体验,2023-03-12,29000
224,西门二百二十六,销售部,跨星系客户关系,2020-10-05,28000
225,北堂二百二十七,技术部,暗物质探测,2022-07-28,38000
226,东郭二百二十八,人事部,组织灵性成长,2023-01-20,22000
227,南宫二百二十九,财务部,量子财务预测,2021-12-08,34000
228,西门二百三十,市场部,意识上传品牌,2022-11-20,31000
229,北堂二百三十一,销售部,永生客户管理,2020-11-15,36000
230,东郭二百三十二,技术部,宇宙生命体识别,2023-02-03,40000
231,南宫二百三十三,人事部,组织神性发展,2022-05-12,25000
232,西门二百三十四,财务部,多维财务系统,2021-11-25,42000
233,北堂二百三十五,市场部,无限可能品牌,2023-03-08,39000
234,东郭二百三十六,销售部,全宇宙商业网络,2020-10-10,45000
235,南宫二百三十七,技术部,终极人工智能,2022-08-01,50000
236,西门二百三十八,人事部,组织超越性发展,2023-01-15,30000
237,北堂二百三十九,财务部,宇宙级资本运作,2021-12-03,55000
238,东郭二百四十,市场部,万物互联品牌,2022-12-10,52000
239,南宫二百四十一,销售部,跨维度销售,2020-11-20,58000
240,西门二百四十二,技术部,宇宙法则模拟,2023-02-18,60000
241,北堂二百四十三,人事部,组织永恒进化,2022-06-18,40000
242,东郭二百四十四,财务部,无限财富模型,2021-11-10,65000
243,南宫二百四十五,市场部,全息品牌体验,2023-03-15,62000
244,西门二百四十六,销售部,超现实客户关系,2020-10-18,70000
245,北堂二百四十七,技术部,创世代码编写,2022-07-30,75000
246,东郭二百四十八,人事部,组织神格化,2023-01-25,50000
247,南宫二百四十九,财务部,宇宙银行系统,2021-12-05,80000
248,西门二百五十,市场部,终极品牌愿景,2022-11-15,78000
249,北堂二百五十一,销售部,无界商业生态,2020-11-01,85000
250,东郭二百五十二,技术部,宇宙重启协议,2023-02-05,90000
251,南宫二百五十三,人事部,组织升维管理,2022-05-22,60000
252,西门二百五十四,财务部,时间银行模型,2021-11-20,95000
253,北堂二百五十五,市场部,无限品牌扩展,2023-03-03,92000
254,东郭二百五十六,销售部,永恒客户价值,2020-10-08,100000
255,南宫二百五十七,技术部,生命形式创造,2022-08-12,120000
256,西门二百五十八,人事部,组织宇宙意识,2023-01-10,75000
257,北堂二百五十九,财务部,多元宇宙资本,2021-12-08,130000
258,东郭二百六十,市场部,全宇宙品牌叙事,2022-12-05,110000
259,南宫二百六十一,销售部,跨星系商业联盟,2020-11-12,140000
260,西门二百六十二,技术部,宇宙意识上传,2023-02-15,150000
261,北堂二百六十三,人事部,组织神性领导力,2022-06-15,90000
262,东郭二百六十四,财务部,无限财务自由,2021-11-18,160000
263,南宫二百六十五,市场部,终极用户体验,2023-03-10,170000
264,西门二百六十六,销售部,永恒商业帝国,2020-10-15,180000
265,北堂二百六十七,技术部,创世智能体,2022-07-25,200000
266,东郭二百六十八,人事部,组织宇宙使命,2023-01-20,120000
267,南宫二百六十九,财务部,无限财富创造,2021-12-03,220000
268,西门二百七十,市场部,全息宇宙品牌,2022-11-12,210000
269,北堂二百七十一,销售部,跨维度商业闭环,2020-11-05,240000
270,东郭二百七十二,技术部,宇宙级AI训练,2023-02-08,250000
271,南宫二百七十三,人事部,组织永恒存在,2022-05-18,150000
272,西门二百七十四,财务部,多维财富系统,2021-11-25,280000
273,北堂二百七十五,市场部,无限品牌价值,2023-03-05,270000
274,东郭二百七十六,销售部,宇宙级客户忠诚,2020-10-10,300000
275,南宫二百七十七,技术部,生命延续技术,2022-08-01,350000
276,西门二百七十八,人事部,组织宇宙化,2023-01-15,200000
277,北堂二百七十九,财务部,无限资本流动,2021-12-01,400000
278,东郭二百八十,市场部,全宇宙品牌认知,2022-12-03,380000
279,南宫二百八十一,销售部,跨星系商业繁荣,2020-11-15,420000
280,西门二百八十二,技术部,宇宙级数据存储,2023-02-12,450000
281,北堂二百八十三,人事部,组织宇宙和谐,2022-06-10,250000
282,东郭二百八十四,财务部,无限财务扩张,2021-11-15,500000
283,南宫二百八十五,市场部,终极品牌影响力,2023-03-08,550000
284,西门二百八十六,销售部,永恒商业增长,2020-10-08,600000
285,北堂二百八十七,技术部,宇宙级算法优化,2022-07-30,700000
286,东郭二百八十八,人事部,组织宇宙智慧,2023-01-22,300000
287,南宫二百八十九,财务部,无限资本积累,2021-12-05,800000
288,西门二百九十,市场部,全息宇宙营销,2022-11-18,750000
289,北堂二百九十一,销售部,跨维度商业奇迹,2020-11-03,900000
290,东郭二百九十二,技术部,宇宙级AI突破,2023-02-05,1000000
291,南宫二百九十三,人事部,组织宇宙统一,2022-05-20,400000
292,西门二百九十四,财务部,无限财务卓越,2021-11-20,1200000
293,北堂二百九十五,市场部,无限品牌传奇,2023-03-12,1100000
294,东郭二百九十六,销售部,宇宙级商业神话,2020-10-18,1300000
295,南宫二百九十七,技术部,生命形式升级,2022-08-15,1500000
296,西门二百九十八,人事部,组织宇宙进化,2023-01-18,500000
297,北堂二百九十九,财务部,无限资本循环,2021-12-08,1800000
298,东郭三百,市场部,全宇宙品牌霸主,2022-12-05,2000000
299,南宫三百零一,销售部,跨星系商业帝国,2020-11-10,2200000
300,西门三百零二,技术部,宇宙级AI主宰,2023-02-10,2500000